name,salary,company
Colette Guerrero,372384,Dui Inc.
Preston Wall,387228,Turpis Non Enim Industries
Cadman Bright,200634,Pellentesque A Corp.
Cameran Cannon,25171,Porttitor Scelerisque Industries
Camilla Edwards,395840,Elit PC
Keiko Garza,292461,Ornare Inc.
Clinton Mcguire,157623,Mauris Eu Limited
Maile Phelps,168556,Urna LLC
Todd Oliver,97660,Augue Sed LLC
Stephen Alvarado,253303,Ac Arcu Incorporated
Judah Farley,85607,Mollis Nec Cursus Foundation
Daphne Roberson,101749,Euismod Ltd
Donovan Perry,145259,Lorem Ltd
Stephen Ortiz,460295,Adipiscing Enim Ltd
Jasper Osborn,61448,Nec Cursus LLP
Amber Rhodes,315810,Sem Elit Incorporated
Allen Cook,310844,Urna PC
Lillith Figueroa,137931,Aliquam Gravida Corp.
Baxter Freeman,255848,Arcu Vestibulum LLP
Velma Todd,318071,Ornare Fusce Foundation
Malik Rowland,140293,A LLP
Callum Calderon,97905,Nostra Per Foundation
Lester Mays,222051,Dapibus Institute
Quon Dean,412541,Dictum PC
Nichole Sanders,242204,Sed LLP
Lionel Sandoval,138230,Eu Augue Foundation
Yoko Waters,489237,Dapibus Id Blandit Limited
Madison Adams,362294,Nostra Limited
Amos Compton,27919,Vulputate Risus Limited
Maxine Gardner,333230,Non Luctus Sit Incorporated
Veronica Conley,51605,Nibh Enim LLC
Judith Torres,389453,Arcu Imperdiet Corp.
Kerry Pacheco,430995,Curae Donec Corporation
Sean Miles,205075,Aliquam Adipiscing Lobortis PC
Zeph Morgan,53481,Accumsan Sed Industries
Zeus Cortez,166799,Facilisis Non Bibendum Foundation
Chanda Everett,300993,Ac Limited
Risa Dodson,410952,Donec Foundation
Emery Haynes,103495,Eu Dolor Egestas Industries
Graiden Charles,179798,Nulla Eget LLP
Travis Everett,170702,Eget Ipsum LLC
Heather Huffman,388980,Tempor Augue Corporation
Linus Meyers,99377,Facilisis Facilisis Institute
Tyler Battle,399964,Donec Tempor Est LLC
Scarlett Burks,211894,Nascetur Ridiculus Industries
Venus Hale,250362,Curae Phasellus LLP
Seth Ellison,465079,Donec Vitae Erat Associates
Kelly Ellison,215007,Tristique Senectus Associates
Eugenia Edwards,268663,Amet Massa Corp.
Tanek Perkins,131788,Et Lacinia Associates
Reuben Payne,64469,Risus In Mi LLC
Mariko Reyes,44157,Ligula Aenean Associates
Brendan Rowland,226287,Non Corp.
Neil Walter,159185,Euismod PC
Oleg Hudson,233379,Nam Ligula Limited
Jasmine Villarreal,496930,Euismod Mauris Corporation
Isaiah Black,322637,Pellentesque A PC
Marsden Weber,242292,Mauris Inc.
Kessie Boyer,250126,In Lorem LLP
Lucy Ochoa,468212,Semper Corp.
Kamal Rivas,159440,Pede Suspendisse Dui Foundation
Arden Benson,88385,Eros Proin Institute
Samuel Grant,415424,In Tincidunt Industries
Jasper Raymond,443086,Semper Erat Associates
Fuller Lyons,191453,Magna Tellus Corp.
Maxine Mosley,127777,Ligula Nullam Foundation
TaShya Giles,193115,Neque Tellus Corp.
Steven Copeland,429843,Mauris A Nunc LLC
Athena Boyer,330154,Sed Dui LLC
Jaime Levy,341880,Aliquam Nisl Corp.
Marah Swanson,137225,Tellus Non Corp.
Glenna Simmons,459049,Scelerisque Dui Suspendisse Industries
September Rosa,169471,Dignissim Maecenas Foundation
Merritt Cox,29069,Nisi Limited
Jordan Mason,192232,Est Congue Ltd
Shay Wong,338498,Arcu Vestibulum Incorporated
Cassidy Holloway,257852,Non Cursus Non Foundation
Brynn Charles,91051,Dictum Eleifend LLP
Cody Keller,162057,Donec Institute
Aquila Blair,325227,Nulla Tempor Industries
Cadman Carver,334372,Cursus Et Magna Inc.
Ali Simmons,125740,Ante Dictum Associates
Kennan Rollins,56986,Cum Sociis Corporation
Rose Barr,398920,Fringilla Ornare Foundation
David Buckner,25576,Mi Foundation
Skyler Jimenez,145041,Volutpat Nulla Dignissim Incorporated
Justine Russell,290551,Dui Ltd
Brianna Wolfe,104492,Gravida Mauris Corp.
Sheila Watson,109228,Non Sollicitudin A Industries
Petra Pugh,442575,Dictum Mi Foundation
Fleur Murray,114164,Et Tristique LLC
Joan Curtis,215846,Convallis Erat Corporation
Winifred Hurst,160596,Nibh Donec Est PC
Gray Graham,72313,Euismod LLP
Linus Morin,92720,Amet Corp.
Mary Rivers,28331,Ornare Incorporated
Desiree Cardenas,371442,Congue A Aliquet Inc.
Orli Oliver,287988,Nunc Sed Limited
Preston Gentry,262471,Erat Etiam Foundation
Dean Blackburn,287582,Placerat Orci Lacus PC
Darius Gordon,258273,Mauris Morbi Inc.
Jerome Francis,207196,Nullam Scelerisque LLC
Glenna Puckett,404945,Fusce Foundation
Kimberley Delgado,34304,Aliquam Adipiscing Corporation
Illiana Vincent,315740,Id Ante Foundation
Dominic Byers,314804,Dis Parturient Montes LLP
Cherokee Harvey,145164,A Magna Corp.
Castor Melendez,188088,A Purus Associates
Lana Mosley,39913,Sed Orci Inc.
Lareina Frye,233661,Sed Dui Fusce LLC
Vance Saunders,122379,Odio Associates
Melyssa Small,220517,Scelerisque Lorem Corporation
Hanna Shepard,443120,Egestas Ligula Nullam LLC
Hyacinth Carter,454979,Eu Eleifend Nec Industries
Barry Wyatt,208699,Nonummy Corporation
Mona Burgess,165951,Rutrum Non Hendrerit LLC
Cassady Reed,243610,Enim Sit Corporation
Timothy Wiggins,114752,Purus Ac Inc.
Kirk Love,82353,Tincidunt Nibh Consulting
Simone Daniel,154344,Purus Mauris LLC
Ciaran Compton,412973,Molestie Incorporated
Brenda Blanchard,251695,Justo Nec LLC
Hop Brennan,139542,Odio Incorporated
Zephania Pruitt,183502,Integer Sem Limited
Carl Figueroa,377202,Porttitor Tellus Non LLP
Carla Burnett,26724,Nec Tempus Ltd
Driscoll Hutchinson,126016,Eu Lacus PC
Gregory William,164369,Egestas A Corporation
Kirk Mayo,287615,Tempor Erat Corporation
Drew Hart,94307,Convallis Convallis Dolor LLC
Kaseem Vang,396047,Tristique Pharetra Quisque Inc.
Kevyn Rodriquez,28928,Tortor Corporation
Salvador Munoz,328723,Vestibulum Neque Sed Consulting
Theodore Vega,44932,Est Foundation
Cleo Cunningham,322517,In Aliquet Consulting
Yardley Dale,77193,Eu Nulla At Foundation
Wallace Golden,426353,Elit Etiam Industries
Axel Sharp,435767,In Tincidunt Incorporated
Rhea Moreno,223908,Orci Institute
Amelia Finch,186294,Phasellus Dolor Industries
Glenna Reyes,64594,Mollis Nec Corporation
Rhona Horn,444917,Lectus Rutrum Limited
Quinn Norton,231330,Dictum Mi Ac Foundation
Haviva Snow,366478,Condimentum Donec Corp.
Jin Mosley,155511,Lobortis Tellus Associates
Ivana Chaney,55451,Neque Venenatis Lacus LLP
Ann Santos,179886,Tellus Nunc Incorporated
Brian Barrera,259870,Nam Ac Institute
Simon Cruz,447241,Leo Elementum Sem Associates
Ina Berg,179841,Dapibus Quam Quis Corporation
Jasper Williamson,229066,Sed Limited
Piper Acosta,156199,Nisi Nibh Limited
Phoebe Dennis,108856,Vulputate Dui LLP
Martha Gross,447166,Lacus Institute
Steel Kelly,439880,Aliquam Enim Nec Inc.
Camille O'connor,455889,Malesuada Fames Ac Corp.
Lesley Snow,144942,Dui Fusce Inc.
Marcia Mcmahon,64634,Curabitur Consequat Lectus Ltd
Olivia Collier,148542,Tempus Associates
Mark Willis,318858,Amet Lorem Ltd
Philip Carpenter,23056,Rutrum Fusce Corporation
Laith Pacheco,120270,Sem Incorporated
Aquila Stone,450414,Libero Lacus Varius Inc.
Gary Beach,26470,Elit Nulla LLC
Stella Wilder,188652,Pharetra Nibh Ltd
Thor Duran,416778,Vitae Purus Incorporated
Wendy Stewart,326750,Ut Nec LLC
Declan Maynard,248582,Eleifend Nec Limited
Dieter Robles,49179,Augue Ut PC
Amethyst Little,148314,Nec Tempus Company
Julian Vang,190117,Aliquet Molestie Tellus Institute
Regan Knight,342184,Id Mollis LLC
Adrian Pennington,220733,Proin Vel Inc.
Caldwell Carrillo,425456,Malesuada Ut Sem Inc.
Palmer Dejesus,298236,Sed Leo LLC
Aquila Lambert,344062,Molestie Dapibus Ligula Ltd
Rowan Francis,196426,Enim Incorporated
Chava Tillman,361830,Pellentesque Ultricies Foundation
Cullen Coleman,231954,Magna A Industries
Connor Nelson,414994,Sapien LLC
Tarik Watts,493219,Nisi Cum Sociis Company
Evelyn Ford,25408,Risus Varius Corporation
Brenden Camacho,462543,Rutrum Fusce Associates
Lani Nicholson,155262,Rhoncus Incorporated
Ethan Patterson,468114,Aliquam Industries
Adam Rosa,269140,Quisque LLP
Ria Knox,167306,Nulla Foundation
Trevor Holman,140954,Tincidunt LLP
Quintessa Townsend,330194,Ante Iaculis Nec Associates
Ian Humphrey,138195,Est Tempor Associates
Bertha Graves,465842,Class Aptent LLP
Dawn Gilbert,124181,Nunc Pulvinar LLP
Jessamine Walls,327505,In Faucibus Morbi Institute
Xanthus Lyons,226528,Curabitur Egestas Nunc Inc.
Jermaine Blankenship,350941,Accumsan Associates
Mira Gregory,361926,Neque Inc.
Harlan Weaver,317782,Ultrices Vivamus Consulting
Adam Langley,202373,Nec Ligula PC
Ginger Gutierrez,442854,Cras Vulputate Velit PC
Christopher Baldwin,170957,Mi Fringilla Associates
Wang Jimenez,90382,Magnis Dis Limited
Tanek Lara,197456,Ligula Donec Industries
Acton Sharp,190558,Non Egestas Corp.
Hiram Buchanan,288437,Eu LLP
Hakeem White,492255,Dictum Ultricies LLP
Gray Griffin,456712,Ornare Ltd
Aidan Jefferson,275332,Quam Institute
Lyle Vaughan,369944,Quisque Libero Lacus Foundation
Thane Nixon,362825,Et Eros Proin Incorporated
Julie George,144127,Mi Enim PC
Scarlett Tyson,330292,Libero Lacus Inc.
Emily Mercado,494162,Arcu Eu Corporation
Amery Rhodes,116369,Dictum Associates
Joy Cannon,410314,Nibh Foundation
Colt Savage,39575,Per Conubia LLC
Penelope Solomon,103739,Aliquet Libero Ltd
Channing Chambers,367842,Consectetuer Adipiscing Inc.
Tallulah Cline,32009,Felis Adipiscing Fringilla LLC
Lila Mosley,212337,Vel Lectus Cum LLC
Macaulay Dyer,285855,Dui Industries
Reece Gillespie,81685,Odio Phasellus Ltd
Ian Norris,296735,Arcu Morbi Associates
Thor Ryan,443426,Diam Industries
Lester Madden,346791,Mi Lacinia Institute
Cora Joyce,382170,Rhoncus Corporation
Brody Thomas,186712,Quam Pellentesque Inc.
Alec Harrell,498059,Dis Parturient Company
Julie Sellers,238076,Nisi Cum Sociis Limited
Zelenia Wooten,133161,Integer Inc.
Jin Beard,394946,Dui Cum Company
Abigail Myers,192182,Quam Dignissim Incorporated
Dana Larson,485959,Id Institute
Ramona Hurst,117039,Dolor Fusce Corporation
Ezekiel Christensen,453275,Turpis In Inc.
Cassandra Nunez,146744,Turpis Ltd
Ashely Carroll,112499,Vel Turpis Aliquam Foundation
Germane Nelson,23797,Luctus Et Foundation
Ursa Benson,109636,Feugiat Tellus Lorem Corporation
Simone Zimmerman,363785,Scelerisque Lorem Associates
Christine Vazquez,160430,Feugiat Sed Corporation
Melissa Finch,352984,Vulputate Nisi Corp.
Cruz Tran,258247,Sem Ut Cursus PC
Owen Stanley,310958,Aenean Massa Integer PC
Belle Dean,470239,Diam Eu Industries
Sybill Bruce,105464,Vulputate Eu Consulting
Britanni Kemp,214198,At Lacus Quisque Associates
Palmer Benson,40402,Lobortis Tellus Ltd
Colin Mack,218730,Nisi Limited
Brennan Herman,88593,Ipsum Primis Corp.
Cassady Calhoun,175182,Nulla Semper Inc.
Cullen O'connor,381562,Erat Neque Non Associates
Abel Delaney,96035,Aliquet Diam Corp.
Stuart Phelps,131142,Scelerisque PC
Garrison Monroe,110694,Neque Venenatis Lacus LLC
Yvonne Lara,158669,Arcu Eu Odio PC
Athena Dawson,346808,Tempus Mauris Erat Incorporated
Ignacia Bradford,384886,Mi Aliquam Limited
Thane Velazquez,200962,Duis Risus Odio Industries
Kadeem Schneider,160766,Vivamus Euismod Urna Consulting
Edan Valencia,387217,Non Bibendum Sed Institute
Tamekah Callahan,34939,At Industries
Edward Dawson,345352,Faucibus Orci Associates
Alea Waller,456814,Nec Imperdiet Corp.
Suki Hancock,47725,Nisl Sem Consequat Industries
Wynne Brooks,240320,Accumsan Convallis PC
Alma Johnson,411871,Ac Libero Associates
Bernard Owen,196977,Commodo Hendrerit LLC
Jael Sandoval,240346,Laoreet Associates
Indigo Barry,476525,Metus Corp.
Connor Dunlap,347703,Quam Foundation
Flynn Woods,82022,Neque Company
TaShya Beasley,118611,Semper Auctor Company
Paki Dejesus,49745,Lorem Sit Amet Limited
Petra Slater,258534,In Institute
Elton Guzman,201879,Vestibulum Corporation
Tyrone Guerrero,379903,Nisi Magna Associates
Unity Thomas,35062,Eget Lacus Ltd
Otto Gilliam,193013,Integer Vulputate Incorporated
Amber Fowler,359382,Euismod Est Arcu Corp.
Jena Ochoa,144548,Facilisis Eget Corp.
Alyssa Keller,480915,Velit Eget Laoreet Corp.
Lana Stanton,112608,Non Consulting
Libby Drake,458603,Mollis Duis Corporation
Benjamin Avila,322168,A Arcu Sed PC
Alfreda Neal,412398,Ligula Donec Industries
Talon Forbes,352782,Non Institute
Signe Garner,419834,Ad Litora Institute
Macon Wynn,263296,Eu Placerat Incorporated
Ryan Guerrero,85297,Pellentesque Ut Company
Clio Porter,439581,Convallis Erat LLP
Gavin Decker,498069,Viverra Donec Tempus Corporation
Clarke Villarreal,89936,Posuere At Foundation
Desirae Donovan,164081,Gravida Aliquam Tincidunt Associates
Mona Baker,201769,Phasellus Company
Adena Wolfe,432404,Gravida Praesent Company
Shay Mcgee,245928,Lectus Justo Eu Corporation
Georgia Pena,83765,Egestas Sed Pharetra Corp.
Kibo Jenkins,424938,Nunc PC
Evelyn Le,313913,Velit Sed Malesuada Inc.
Yoshio Knight,124849,Donec Luctus Limited
