name,phone,country
Adara Mcneil,1-432-718-7342,Austria
Barry Valencia,1-713-552-1604,Sweden
Barry Delgado,(238) 511-6613,Vietnam
Shelley Oneal,1-633-625-7464,Canada
Wyoming Cherry,1-831-372-6289,South Africa
Lani Holcomb,1-945-694-7384,Germany
Cedric Leach,1-240-167-9925,Austria
Edan Wood,1-648-412-2517,Chile
Berk Goodwin,1-713-118-4175,Nigeria
Palmer Burris,1-388-816-1344,New Zealand
Nehru Nash,1-985-861-9651,Belgium
Kessie Branch,(431) 475-7513,Vietnam
Emery Reynolds,(525) 914-7293,Ireland
Buffy Coleman,1-638-798-2347,France
Chava Roberson,1-599-383-9242,Ireland
Maile Cervantes,1-424-521-1242,Peru
Erin Frost,(627) 595-2046,Australia
Jennifer Lucas,1-782-366-6449,Philippines
Allistair Rodriguez,(718) 551-0118,Singapore
Odysseus Mckay,(376) 745-7435,Philippines
Amena Wooten,1-177-631-5964,Norway
Kitra Curry,(158) 681-9616,Brazil
Tucker Levine,1-958-224-2246,Vietnam
Reagan Roman,1-576-331-1377,Chile
Fulton Cross,(153) 521-3522,Ireland
Hoyt Abbott,1-575-351-1454,Italy
Ann Hickman,1-732-456-0324,Poland
Gage Robinson,1-185-289-5819,Mexico
Candace Burch,(253) 429-7058,Indonesia
Kai Witt,1-356-214-1492,Ukraine
Dean Cannon,(648) 598-7347,Turkey
Hilel West,1-581-821-5208,Nigeria
Maggie Nielsen,(764) 226-4286,Sweden
Ross Peterson,(761) 467-3727,Germany
Keith Miles,1-491-911-7225,Mexico
Mark Stuart,1-727-355-7617,Italy
Katell Heath,(653) 588-9622,Sweden
April Small,(841) 221-7011,New Zealand
Brianna Jefferson,1-843-647-5157,Turkey
Chadwick Hicks,1-874-366-2691,United Kingdom
Boris Mason,1-956-535-8328,Peru
Gareth Gray,(203) 503-2548,Austria
Emerson Clemons,(595) 114-1526,Austria
Kaye Chavez,(598) 732-3836,Singapore
Cara Sandoval,(324) 266-3612,South Korea
Basia Johnson,1-225-688-0153,Nigeria
Jack Todd,(621) 626-5462,Nigeria
Mark Vega,1-849-773-3768,Turkey
Ferris Sparks,1-858-428-3072,Sweden
Megan Preston,1-795-895-3615,Singapore
Jescie Vaughn,1-802-201-1155,France
Amber Lott,(859) 337-2800,Poland
Hashim Booth,(852) 583-4634,Russian Federation
Travis Phelps,1-786-182-8628,United States
Jeremy Sullivan,(575) 865-7444,Italy
Shelly Hensley,1-743-446-2543,Russian Federation
Leilani Graham,1-965-494-0641,Belgium
Alexander Lindsay,1-438-481-3944,Nigeria
Althea Daugherty,(714) 966-5640,Costa Rica
Mia Tanner,1-776-577-8557,Germany
Kermit Castillo,1-547-515-2568,Australia
Miranda Ellis,(136) 224-1826,Mexico
Lester Barrett,(289) 743-3135,Ukraine
Breanna Hunt,1-633-563-3040,United Kingdom
Craig Peck,1-318-613-9334,United Kingdom
Kane Simmons,1-715-705-7413,Russian Federation
Aiko Booth,1-782-848-3862,Netherlands
Gloria Underwood,(844) 705-6133,Ukraine
Wyoming Klein,(266) 525-8495,Pakistan
Galvin Mccormick,(739) 676-1865,Sweden
Vaughan Vance,(531) 418-9535,Ireland
Stephen Norris,(328) 547-4372,Singapore
Anthony Savage,1-455-535-9085,New Zealand
Brian Davenport,(758) 286-9764,India
Plato Anthony,1-362-696-9410,Pakistan
Ivy Goodman,(239) 615-5735,Belgium
Keegan Keith,(408) 861-3489,South Africa
Nolan Mclaughlin,(623) 454-1706,Indonesia
Nevada Giles,(519) 637-7578,Brazil
Beck Hodge,(893) 244-1967,Colombia
Ursula Booker,(833) 886-5775,United States
Madeson Nichols,(872) 927-3473,France
Germane Waters,1-347-584-2442,Ukraine
Rebekah Alvarado,1-359-267-1137,New Zealand
Asher Raymond,1-652-538-8011,United Kingdom
Mara Prince,1-482-384-7637,Brazil
Charlotte Boyer,(774) 724-7782,France
Martin Avila,1-764-186-3584,Canada
Barbara Beach,(534) 565-7497,South Africa
Hanna Alexander,(687) 947-7479,South Africa
Leonard Sawyer,1-442-332-4816,Italy
Lucius Conway,1-936-724-9968,Belgium
Elvis Ruiz,(174) 571-5520,South Korea
Kevyn Hobbs,(685) 231-7427,Austria
Guy Nguyen,1-621-525-3656,South Korea
Rashad Smith,1-396-851-5673,South Korea
Norman Blake,1-426-731-5449,Mexico
Daquan Meadows,(647) 463-2287,Indonesia
Guinevere Cantrell,(695) 929-3206,United States
Oren Peck,(971) 826-1837,Austria
Astra Buchanan,1-317-302-5565,Chile
Lucas Mcneil,(311) 585-6133,Russian Federation
Amber Blanchard,(768) 663-3445,Belgium
Carlos Miranda,(656) 631-4687,South Korea
Robert Robertson,(883) 766-8204,Vietnam
Arthur West,(448) 330-1254,Australia
Hasad Noble,1-461-862-8341,Philippines
Debra Christian,1-613-815-7775,South Africa
Peter Ross,1-759-268-9706,Nigeria
Ciaran Mueller,1-829-645-8504,Brazil
Kim Brock,1-615-305-5370,China
Hayden Kelley,1-385-855-4445,Singapore
Wyoming Blanchard,1-122-261-7746,Mexico
Adrian Bryant,1-630-285-8805,Canada
Murphy Wolf,1-751-287-8753,Indonesia
Quinn Stephens,(787) 579-3182,Spain
Maxwell Whitley,(322) 643-2583,France
Tucker Jennings,(412) 930-8275,Indonesia
Beverly Willis,1-455-758-3423,Chile
Benedict Chavez,1-775-560-2461,Germany
Quinn Vaughan,1-352-524-4566,Brazil
Caesar Hayes,1-802-242-6022,Philippines
Ross Hale,(432) 354-8287,Chile
Ivy Neal,1-613-248-8885,United Kingdom
Benedict Chapman,1-281-632-4412,South Africa
Gary Rojas,1-556-553-8978,Canada
Emma Price,1-440-332-5703,Vietnam
Raphael Romero,1-884-377-8022,Poland
Wilma Berry,(877) 467-2552,Mexico
Cade Carey,(864) 440-7660,Austria
Shafira Tanner,(377) 785-3837,Philippines
Erica Mason,1-251-151-8605,Mexico
Naomi Harrell,1-658-516-4531,Australia
Vanna Benjamin,(234) 354-5878,Colombia
Gavin Pacheco,1-721-208-1874,France
Ronan Coleman,1-842-854-4916,Germany
Dennis Pace,1-224-872-1175,Spain
Sylvester Harvey,(575) 753-7265,Germany
Ruth Jensen,(454) 497-4084,Ukraine
Xavier Anderson,(240) 549-8355,Mexico
Noel Dalton,(673) 261-5936,Nigeria
Allen Donaldson,(824) 304-6257,Norway
Clio York,(679) 775-2343,Spain
Daphne Riley,(744) 637-3761,Ukraine
Sacha Frazier,1-532-922-9212,Norway
Nadine Simpson,(834) 758-8997,Singapore
Shaine Roberts,1-875-434-5816,United Kingdom
Thaddeus Bridges,(928) 334-5211,Spain
Shay Olsen,(680) 413-8268,South Korea
Abel Hobbs,(378) 321-4722,South Korea
Boris Stewart,1-743-338-2621,Philippines
Alexander Gilliam,(857) 375-7733,Canada
Erich Kramer,1-779-804-4319,Spain
Owen Carpenter,(126) 311-0653,South Africa
Walter Dickerson,(732) 334-5548,Ireland
Leilani Strickland,1-302-546-3256,South Africa
Jesse Kline,(356) 557-4268,Mexico
Ivor Paul,(984) 771-2657,Germany
Colette Noel,1-417-317-7046,India
Uma Wilder,1-293-844-2922,Austria
Kaye Oliver,(583) 154-2513,Indonesia
Sydney Hines,1-576-698-2792,Russian Federation
Shelly Foley,1-322-716-0716,China
Jordan Johnson,1-764-543-1678,Australia
Ignacia Gillespie,(330) 514-5715,Philippines
Kyra Kidd,1-525-534-2976,Brazil
Ainsley Gallagher,1-710-146-4900,United Kingdom
Bradley Hodge,1-780-701-5123,Australia
Stone Potter,(637) 522-5341,Brazil
Iliana Bernard,(516) 474-4616,Netherlands
Marny French,1-528-118-4384,Italy
Ulysses Mills,(311) 349-6570,Singapore
Tanisha Brady,(388) 121-5543,Indonesia
Noble Robinson,(387) 667-5365,Spain
Alec Logan,(714) 551-3304,India
Ian Trujillo,(917) 744-6677,Germany
Aretha Stout,1-534-381-2167,Philippines
Yvette Diaz,(514) 176-3850,United States
Hilda Soto,(419) 556-6647,France
Neil Fox,(933) 349-7061,Ukraine
Cain Dotson,1-332-772-5146,United Kingdom
Iona Potts,(563) 943-4221,Indonesia
Pearl Nixon,(962) 715-7824,Australia
Janna Rios,1-395-916-1506,Russian Federation
Jordan Acosta,(283) 673-0145,Pakistan
Amela Mclaughlin,(522) 495-7654,Canada
Guinevere Barnes,1-783-836-0688,Pakistan
Gregory Cochran,(267) 551-6717,Chile
Carissa Guthrie,1-382-338-4774,United States
Maile Finch,1-918-505-3671,Belgium
Kelly Garner,1-815-845-6386,Mexico
Wilma Vazquez,1-665-776-9347,Colombia
Otto Beasley,1-868-578-5568,South Korea
Rhona Hutchinson,1-360-431-5265,Peru
Jasmine Finch,1-361-702-1565,Sweden
Reed Lyons,1-804-859-7860,Germany
Laurel Dunn,(759) 524-1854,Indonesia
Lani Deleon,(396) 428-2476,Ukraine
Dane Wolfe,(214) 583-5188,Poland
Deacon Elliott,(471) 575-3236,Germany
Xander Compton,1-977-703-1283,Belgium
Larissa Hensley,1-383-585-9462,Nigeria
Grady Stein,1-911-824-6268,Vietnam
Marah Herman,1-259-664-2281,Peru
Jennifer West,1-831-474-5953,Belgium
Kaseem Frederick,(145) 456-0765,South Korea
Tatyana Day,(261) 412-9056,Australia
Cullen Flynn,1-615-598-5356,South Korea
Judith Vasquez,1-424-396-8271,United States
Martena Duffy,(560) 871-7877,Norway
Reed Owens,1-444-796-3245,India
Kenyon Head,(811) 362-7122,Brazil
Dean Ochoa,(687) 787-2861,India
Caleb Farrell,1-493-337-6338,Peru
Arden Flowers,(849) 632-4478,India
Dolan Phelps,1-198-372-6342,Peru
Otto Lamb,1-556-676-8626,Turkey
Ariana Livingston,1-479-614-4886,Poland
Paul Eaton,1-152-625-3002,Pakistan
Chelsea Andrews,1-294-367-6276,Austria
Philip Navarro,(518) 687-8946,New Zealand
Harper Alvarez,(816) 526-4854,Poland
Rae Gillespie,1-326-276-5142,Colombia
Alika Murray,1-572-359-9463,Italy
Aurelia Roberson,1-554-434-5184,India
Xandra Morris,(584) 796-2713,China
Wynne Michael,1-634-839-5323,Philippines
Imani Tanner,1-623-360-7201,Spain
Lucian Kerr,1-803-734-7979,Indonesia
Paul House,1-984-520-5655,United States
Gil Atkins,1-735-565-4179,Peru
Cairo Riddle,(482) 761-7254,Australia
Maisie Mack,(685) 762-3116,France
Kibo Durham,(759) 435-4760,United States
Jada Roy,1-517-686-2971,Russian Federation
Mia Rojas,(834) 813-1862,Costa Rica
Natalie Kelley,(483) 585-0287,India
Otto Hansen,(445) 699-7373,France
Chadwick Olsen,(350) 419-4161,Australia
Cheyenne Mckee,(131) 733-8842,Australia
Reuben Hardin,1-822-835-9516,China
Odette Velez,1-825-638-4162,Canada
Lana Payne,(339) 893-1342,Peru
Alexa Roman,1-770-713-4837,Spain
August Lara,1-712-972-2285,Belgium
Cameron Reese,1-541-532-3151,France
Kennedy Livingston,(786) 187-4551,New Zealand
Dominique Hood,1-182-574-8215,United Kingdom
Dorothy Barr,(579) 431-4794,Philippines
Travis Marsh,1-358-807-4792,Germany
Gil Beasley,(733) 766-6382,Austria
Keegan Duke,1-802-705-2377,Ukraine
Avram Hays,(545) 375-4432,Philippines
Fiona Mann,1-633-873-3248,Australia
Mariam Harper,(933) 326-4771,Turkey
Vernon Wilkerson,(411) 267-2480,Peru
Kellie Graves,(353) 819-3945,Philippines
Kerry Simpson,(643) 539-9712,India
Barclay Galloway,(881) 358-2216,Belgium
Kay Goodwin,(563) 163-3862,Peru
Angelica Talley,(571) 519-5846,India
Yeo Lawson,(743) 442-4775,Ukraine
Yeo Rich,1-797-313-6520,India
Rigel Saunders,(298) 928-8306,Austria
Uta Dawson,1-717-751-5846,Costa Rica
Garrett Moses,1-763-535-3349,Philippines
Carlos Potter,(613) 740-5442,Nigeria
Zeus Kidd,1-431-865-1075,Canada
Zahir Rollins,1-584-317-6574,Mexico
Cairo Houston,(947) 239-2340,Ireland
Nina Hayden,1-153-485-2754,United States
Branden Rivas,(254) 765-1931,Poland
Nasim Sharpe,(828) 363-3325,South Africa
Cody Munoz,1-857-845-3341,Russian Federation
Charity Oneal,1-314-288-2914,Austria
Graiden Barr,1-483-367-9127,Ireland
Aileen Bryan,1-756-662-7873,Germany
Kaye Finch,(747) 438-8527,Canada
Ivory Wilder,(337) 834-6745,Poland
Edward Horne,(779) 684-7148,Sweden
Buckminster Perez,(272) 647-6970,Spain
Lars Rollins,1-325-455-5881,Indonesia
Shaine Waller,1-552-531-9073,Costa Rica
Thomas Browning,(355) 266-2750,Netherlands
Stewart Cantu,(137) 676-2238,France
Raymond Small,(988) 286-2662,Australia
Alyssa Maldonado,1-778-112-3417,United States
Chadwick Guthrie,1-355-562-6690,Russian Federation
Cora Dale,(430) 371-4444,Turkey
Sierra Nelson,1-883-768-8233,Brazil
Jennifer Heath,(758) 274-3610,Australia
Carlos Dyer,(124) 377-2407,United Kingdom
Garrison Stafford,(781) 793-6156,Nigeria
Chester Holland,(501) 352-2235,Brazil
Haviva Carr,1-677-762-1212,China
Alvin Wells,(513) 563-2659,Peru
Blaze Stout,(724) 644-7374,Russian Federation
Nigel Powers,(514) 204-1455,Sweden
Cyrus Blackwell,1-725-466-4663,Austria
Lunea Hanson,(663) 671-7634,Colombia
