name,email,salaire,country,company
Randall Simmons,semper@hotmail.org,3798,Australia,Phasellus Dolor Ltd
Rafael Porter,lorem@protonmail.couk,4822,Peru,Nunc Mauris Elit Incorporated
Ebony Boyle,magnis.dis@aol.org,2313,China,Eu Enim Corp.
Tatyana Hamilton,aliquam.ultrices@google.ca,3636,Germany,Tincidunt Orci Quis Ltd
Slade Odom,mauris.magna@yahoo.net,2500,New Zealand,Phasellus Fermentum Convallis Associates
Kessie Blankenship,ut@aol.net,3290,Brazil,Integer Urna Ltd
Latifah Banks,habitant@yahoo.edu,4339,Germany,Auctor Institute
Anne Green,neque.vitae@aol.ca,2632,Canada,Egestas Sed Pharetra Inc.
Blake Delaney,vitae.dolor@outlook.org,3156,Russian Federation,A Arcu Sed Foundation
Ryder Glenn,mauris.nulla@outlook.couk,2955,Norway,Aenean Massa Integer Incorporated
Guy Gallegos,et.eros@google.ca,2169,Ukraine,Erat Associates
Destiny Spence,luctus.sit@yahoo.couk,2107,Belgium,Lobortis Corp.
Gemma Pacheco,vitae.erat.vel@icloud.edu,4851,South Korea,Nunc Mauris Limited
Amir Tyler,et.rutrum@yahoo.net,3072,Ukraine,Vitae Mauris Sit Consulting
Devin Collier,tellus@protonmail.org,4368,Colombia,Aliquam Iaculis Incorporated
Yvonne Johnson,metus.in@icloud.com,4314,Austria,Auctor Non Limited
Maite Kidd,cum.sociis@yahoo.com,4604,Belgium,Nascetur Consulting
Edan Weber,mauris.nulla.integer@hotmail.net,2256,Poland,Arcu PC
Desirae Hanson,ut.tincidunt.orci@outlook.ca,2705,Canada,Egestas Ligula Ltd
Gwendolyn Rose,odio.tristique.pharetra@yahoo.org,4845,United States,Vel Arcu LLC
Macon Mcclain,mauris.suspendisse@aol.net,4535,Brazil,In Tincidunt Foundation
Rachel Vasquez,vitae@google.net,2340,Mexico,Sociis Incorporated
Pascale Whitney,nec.tempus@protonmail.com,4557,Colombia,Accumsan Interdum Incorporated
Jerry Gray,interdum.enim.non@icloud.couk,3796,Indonesia,In PC
Rogan Mccall,sapien.imperdiet@google.ca,2731,Austria,Libero At Auctor Corporation
Hall Bates,eu.odio@protonmail.com,3872,India,Non Ante Bibendum Incorporated
Linda Mayo,sodales.mauris@yahoo.edu,4026,Pakistan,Dolor Limited
Abraham Dickson,nec@outlook.com,2779,Turkey,Orci Lobortis Associates
Althea Faulkner,dignissim.magna.a@protonmail.ca,3654,United States,Curabitur Company
Mia Richardson,a.tortor@outlook.net,3792,Austria,Auctor Ullamcorper Inc.
Caesar Young,nulla.semper@icloud.net,3525,New Zealand,Id Enim LLP
Kyla Vinson,interdum@hotmail.couk,3253,South Africa,Convallis Convallis Dolor Institute
Maite Dunn,fusce.feugiat@aol.edu,4292,Turkey,Amet Incorporated
Amery Mullen,aliquet.molestie.tellus@yahoo.org,4828,Netherlands,Tellus Sem LLP
Elton Davenport,mollis@protonmail.edu,4997,Australia,Dictum Sapien Aenean Associates
Gay Nolan,blandit.at@aol.couk,3161,New Zealand,Duis Ac Company
Signe Erickson,felis.purus.ac@icloud.edu,3274,Norway,Vulputate Ullamcorper Magna PC
Renee Clark,laoreet.lectus.quis@icloud.edu,3833,Ukraine,Orci Inc.
Vera O'donnell,sem.molestie@google.org,4623,Turkey,Donec Tempus PC
Penelope Knox,consectetuer.adipiscing@hotmail.org,3432,Russian Federation,Auctor Vitae Ltd
Ainsley Kelley,in.at@yahoo.org,4101,Italy,Donec LLC
Thomas Nunez,et@google.edu,3076,Singapore,Aliquam Erat PC
Keegan Baker,posuere@outlook.couk,3623,Ireland,Ultrices Posuere Limited
Haley Harding,lacus@aol.net,3134,Nigeria,Auctor Quis Tristique PC
Avram Morris,magnis.dis@google.edu,4773,Ukraine,Quis Massa Consulting
Myles Macias,vestibulum.ut@aol.net,4331,Sweden,Fermentum Fermentum Arcu Limited
Avram Wilkerson,vivamus@google.edu,4377,Turkey,Maecenas Incorporated
Elaine Dunn,imperdiet.nec.leo@google.edu,4400,United Kingdom,Ante Maecenas Mi Corp.
Flynn Lane,ac.risus@protonmail.ca,4547,Turkey,Malesuada Ut LLP
Unity Bolton,mauris@hotmail.edu,3262,Singapore,Ipsum Dolor Foundation
Castor Copeland,sem@protonmail.net,4073,Vietnam,Quis LLC
Jade Ward,sem.mollis@yahoo.com,3132,China,Sed Auctor Corporation
Nora Stokes,magna.malesuada@yahoo.com,2690,Vietnam,A Auctor Corp.
Micah Bray,neque.venenatis@google.com,4828,Australia,At Risus Nunc Associates
Shana Thornton,habitant.morbi.tristique@google.ca,3503,Indonesia,Eu Eros Incorporated
Jack Horton,lacus@hotmail.net,2149,South Korea,Sed Industries
Mechelle Pickett,nulla.donec@aol.couk,3908,Brazil,Ultricies PC
Fay Mendez,cras.eu.tellus@protonmail.com,3998,Germany,Vitae Limited
Paki Delacruz,vel.convallis.in@hotmail.org,2683,Costa Rica,Magna Nec Inc.
Kane Mendoza,magna.et.ipsum@aol.ca,3122,Turkey,Aenean Egestas Hendrerit Inc.
Michelle Hodge,ultricies.adipiscing@aol.couk,4628,Poland,Ornare Sagittis Institute
Signe Franklin,non.ante.bibendum@yahoo.org,3235,Costa Rica,Gravida Corporation
Abbot Lara,in@hotmail.edu,2021,Ukraine,Sed Pede Limited
Cody Harvey,cras.eu@google.com,4927,Norway,In Faucibus Foundation
Salvador Meyers,maecenas@yahoo.com,2701,South Korea,Dui Quis Company
Kelsie Barnes,rhoncus.proin.nisl@google.edu,4527,Austria,Cursus LLP
Quin Yates,id.mollis@outlook.ca,4477,Ireland,Semper Et Lacinia LLP
Keefe Shepherd,morbi@aol.ca,4379,South Korea,Hendrerit Associates
Drew Bradshaw,lorem.ipsum@outlook.org,2793,Colombia,Lectus Industries
Aladdin Kinney,varius.orci@google.couk,2405,Ukraine,Donec Est Corp.
Christine Hancock,nec.orci@yahoo.com,3971,Costa Rica,Dictum Placerat Limited
Samson Snow,fusce@yahoo.couk,2790,Costa Rica,Fames Ac Ltd
MacKensie Joseph,ipsum@protonmail.org,2684,South Korea,Vel Est Tempor Foundation
Dorian Luna,neque.sed@outlook.ca,4259,New Zealand,Eu Nibh Vulputate Foundation
Gwendolyn Levy,eu@google.ca,2148,New Zealand,Tempus Scelerisque Lorem Company
Dominic Moore,in.magna@google.couk,3627,Spain,Erat Eget Tincidunt Inc.
Hasad Durham,mauris.aliquam.eu@hotmail.com,2507,Philippines,Quis Lectus Industries
Noelle William,lacus@protonmail.org,3050,Peru,Mollis Foundation
Cullen Cote,amet.dapibus@yahoo.couk,3951,Austria,Auctor Velit Inc.
Quentin Head,curae.phasellus@hotmail.couk,2557,Colombia,Sed Sem Egestas LLC
Cadman Ferrell,mauris.ut@aol.ca,4365,Pakistan,Malesuada Incorporated
Guy Gill,sit.amet@hotmail.edu,2960,Netherlands,Parturient Montes Industries
Gillian Beach,nunc@hotmail.couk,4343,Vietnam,Cursus A Institute
Magee Dawson,sed.leo.cras@outlook.edu,3859,Mexico,Tristique Aliquet Phasellus Industries
Calvin Sexton,arcu.curabitur@outlook.org,3726,Canada,In Tincidunt Foundation
David Banks,aliquam@yahoo.edu,4721,Mexico,Rutrum Eu Institute
Wallace Bates,donec.non.justo@icloud.ca,3346,Russian Federation,Volutpat Ornare Institute
Lucian Vincent,nisi.cum@protonmail.com,2888,Pakistan,Cursus LLP
Hector Olsen,arcu.sed.et@google.ca,3990,Peru,Ut Cursus Inc.
August Christian,accumsan.interdum@hotmail.edu,3311,Singapore,Sed Et LLC
Sheila Cantrell,eget.varius@google.com,3905,Sweden,Magna Praesent Foundation
Amy Long,sed.sapien@yahoo.net,4740,Singapore,Mauris Elit Ltd
Arsenio Strong,ut.tincidunt@aol.org,3253,Nigeria,At LLC
Jeanette Best,elit.fermentum@protonmail.couk,4678,Nigeria,Scelerisque Sed Sapien Inc.
William Fulton,arcu@aol.ca,2007,Vietnam,Ipsum Primis In Limited
Trevor Nguyen,ac@hotmail.net,2473,Canada,Gravida LLP
Ivan Cooley,aenean@hotmail.ca,2646,Australia,At Velit Inc.
Ira Browning,etiam@google.ca,2233,Singapore,Nisi A Odio Incorporated
Ramona Delacruz,lorem.sit@aol.org,4621,Mexico,Metus Vivamus Euismod Industries
Keiko Cameron,diam.pellentesque@icloud.edu,3502,Costa Rica,Tincidunt Tempus Incorporated
